user_id,phone_number,address,city,country,age,account_created
300,229-663-5269,4880 Park Ln,Chicago,France,69,2022-11-03
301,202-733-8318,2940 Highland Ave,Los Angeles,Germany,23,2023-12-27
302,364-810-2551,2282 Highland Ave,New York,Canada,30,2021-03-12
303,556-539-3552,7415 Highland Ave,New York,Canada,55,2023-11-24
304,752-979-7204,1366 2nd Ave,Houston,USA,31,2020-04-30
305,435-986-5402,2189 Park Ln,Houston,USA,58,2020-08-25
306,588-427-6745,395 Maple Dr,Houston,USA,70,2021-02-21
307,139-363-7878,5469 Highland Ave,Phoenix,Germany,50,2019-07-10
308,449-145-1800,9184 Highland Ave,New York,France,53,2020-06-26
309,945-910-4990,5845 Maple Dr,New York,UK,73,2021-04-16
310,723-978-1959,9558 2nd Ave,New York,France,25,2019-05-29
311,418-889-4647,9238 Park Ln,New York,UK,39,2022-04-05
312,547-858-1565,7884 Highland Ave,Los Angeles,France,69,2020-10-07
313,612-435-8429,9042 2nd Ave,Los Angeles,Canada,66,2023-08-18
314,831-559-5504,9257 Maple Dr,Phoenix,USA,68,2023-05-31
315,474-214-9253,7298 2nd Ave,Chicago,Germany,53,2019-09-05
316,220-732-7619,633 Park Ln,Phoenix,France,53,2021-01-22
317,951-725-8844,3078 Main St,Los Angeles,UK,49,2022-02-04
318,731-484-8676,2164 Highland Ave,Phoenix,UK,40,2022-02-18
319,116-929-1289,669 2nd Ave,Chicago,France,24,2022-08-04
320,524-969-6310,2527 Highland Ave,Chicago,France,66,2020-01-23
321,329-762-2990,676 Park Ln,Los Angeles,USA,24,2019-09-11
322,571-755-1181,2405 Highland Ave,Phoenix,France,28,2020-10-21
323,640-183-5398,3835 Highland Ave,Phoenix,Canada,78,2021-10-08
324,316-745-2739,1984 Maple Dr,Chicago,Canada,63,2022-11-01
325,591-266-8939,6488 2nd Ave,Chicago,France,55,2022-05-14
326,604-125-7159,9598 2nd Ave,Phoenix,UK,33,2023-02-12
327,757-387-5975,6970 2nd Ave,New York,Germany,60,2021-09-12
328,103-727-6275,6822 Park Ln,New York,Canada,32,2023-05-23
329,398-877-2283,2665 Main St,Houston,UK,20,2021-07-16
330,268-880-9446,1272 Maple Dr,Houston,Germany,23,2022-04-10
331,449-892-1713,5261 2nd Ave,Houston,UK,30,2021-02-17
332,109-648-8941,5867 Main St,Houston,Germany,78,2021-09-07
333,496-106-7738,9658 Highland Ave,New York,Germany,33,2019-05-19
334,827-779-8165,5490 Park Ln,New York,UK,37,2021-05-20
335,806-997-8197,2020 Park Ln,New York,UK,28,2021-04-19
336,748-315-9283,6890 Main St,Chicago,UK,37,2022-10-06
337,265-271-4331,510 Highland Ave,New York,France,37,2019-07-02
338,207-996-5279,7189 Park Ln,Los Angeles,Canada,69,2023-11-21
339,938-438-1115,5186 Highland Ave,New York,Germany,62,2019-06-28
340,264-724-6992,5956 2nd Ave,Los Angeles,USA,63,2020-05-16
341,279-932-7530,441 Maple Dr,Phoenix,France,25,2021-04-25
342,269-478-8163,8429 Maple Dr,Chicago,Germany,34,2021-10-22
343,157-348-5392,503 Highland Ave,Phoenix,France,58,2022-12-07
344,986-752-3751,3632 2nd Ave,Phoenix,Germany,77,2020-12-14
345,193-105-4130,539 Highland Ave,New York,Canada,60,2022-01-02
346,409-367-6854,1244 Maple Dr,Houston,Germany,19,2023-09-18
347,974-872-9005,3572 Park Ln,Phoenix,UK,28,2021-12-18
348,311-208-8064,3803 Main St,Los Angeles,Germany,29,2023-03-09
349,124-780-3628,1384 Maple Dr,New York,UK,51,2019-10-07
350,886-957-8252,9550 Park Ln,Houston,UK,56,2020-12-11
351,413-949-7501,7029 2nd Ave,Houston,UK,43,2019-03-12
352,750-765-8901,5719 Main St,Chicago,UK,29,2023-09-27
353,110-213-3592,3368 Main St,Chicago,UK,48,2023-04-12
354,911-568-1125,443 Highland Ave,Los Angeles,USA,45,2022-05-11
355,763-225-8306,4753 Highland Ave,Phoenix,UK,49,2019-01-11
356,868-604-4859,8769 Maple Dr,New York,Germany,48,2020-11-09
357,702-383-3252,7131 Main St,New York,France,53,2021-03-21
358,833-821-7923,4812 Park Ln,Los Angeles,France,53,2023-01-01
359,354-465-9698,4453 Park Ln,Phoenix,Germany,67,2020-09-28
360,748-640-7953,3884 2nd Ave,New York,Germany,58,2022-02-06
361,425-989-6012,7016 Main St,Los Angeles,UK,26,2019-11-23
362,867-633-3242,1590 Highland Ave,Chicago,USA,55,2023-12-20
363,179-924-9553,4676 Maple Dr,Houston,France,42,2023-02-25
364,666-682-8677,7566 2nd Ave,Phoenix,Germany,51,2021-12-11
365,989-837-9619,4683 2nd Ave,Chicago,Germany,51,2021-10-04
366,541-442-4623,2652 2nd Ave,Los Angeles,Germany,37,2021-02-26
367,210-633-6799,8548 Main St,Chicago,Canada,59,2021-04-27
368,314-901-4753,807 Main St,New York,France,21,2023-11-29
369,884-598-2774,2290 2nd Ave,Los Angeles,Canada,71,2022-04-23
370,599-174-5981,8816 Main St,Houston,Canada,66,2022-12-27
371,890-129-9689,7118 Highland Ave,New York,France,19,2022-04-13
372,636-401-8814,5241 Park Ln,Chicago,Germany,67,2021-11-12
373,706-769-3527,2579 Highland Ave,New York,Canada,19,2022-06-05
374,468-639-7235,7833 Park Ln,New York,UK,78,2022-03-16
375,447-152-1677,2085 Maple Dr,Houston,Canada,54,2022-08-16
376,942-286-2833,3109 Maple Dr,New York,Canada,45,2021-08-23
377,574-297-3071,8536 Highland Ave,Houston,USA,65,2023-04-18
378,472-945-5271,1483 Maple Dr,New York,Canada,19,2022-11-25
379,314-692-4416,5942 2nd Ave,Chicago,UK,67,2022-07-27
380,342-548-9370,9091 2nd Ave,Los Angeles,France,74,2021-04-26
381,981-260-2031,1585 2nd Ave,Phoenix,USA,58,2022-12-17
382,960-920-1342,4982 Highland Ave,Phoenix,Canada,75,2019-02-13
383,135-571-6442,5594 Park Ln,Chicago,USA,62,2021-11-08
384,740-381-2511,1689 2nd Ave,Chicago,Canada,70,2019-06-04
385,160-148-6550,8576 Maple Dr,Chicago,USA,60,2021-12-03
386,378-369-8679,3139 Park Ln,New York,UK,63,2022-01-29
387,650-540-5097,4607 Highland Ave,Chicago,Canada,68,2020-09-24
388,711-548-5150,1472 Highland Ave,Phoenix,UK,30,2019-05-06
389,720-207-6990,8571 Highland Ave,New York,UK,47,2022-01-06
390,239-982-1283,5383 Park Ln,Houston,USA,66,2019-09-01
391,140-918-8021,9652 Highland Ave,New York,USA,25,2019-02-28
392,473-142-2008,2518 Park Ln,Los Angeles,France,34,2022-11-14
393,955-277-6249,8858 Park Ln,Chicago,USA,53,2022-01-19
394,923-974-5260,9266 Highland Ave,Phoenix,France,19,2020-12-12
395,818-613-5991,5721 Park Ln,Phoenix,USA,50,2020-08-19
396,415-640-7787,7578 Main St,Houston,France,58,2022-07-23
397,610-273-4482,9702 Park Ln,New York,Germany,19,2021-06-13
398,824-651-8100,7579 Highland Ave,Los Angeles,UK,24,2019-06-04
399,628-998-4197,4351 Highland Ave,Los Angeles,Germany,30,2019-11-16
400,128-496-1809,9318 Maple Dr,Phoenix,Canada,58,2023-03-20
401,124-170-7418,8461 2nd Ave,Phoenix,USA,66,2020-09-10
402,768-271-1677,1247 Main St,Los Angeles,France,58,2020-08-09
403,274-556-8051,7321 Park Ln,Chicago,Canada,69,2020-09-01
404,734-218-6875,1046 Park Ln,New York,Canada,33,2023-05-17
405,606-421-1268,3458 Highland Ave,Los Angeles,France,74,2021-03-21
406,978-102-3425,4996 Park Ln,New York,USA,72,2022-08-26
407,650-845-2059,3302 Highland Ave,Chicago,France,40,2021-09-14
408,373-739-7358,9547 Maple Dr,Los Angeles,Germany,33,2023-02-22
409,103-967-1042,2117 Main St,Chicago,UK,73,2020-03-10
410,255-136-5519,4518 Maple Dr,Phoenix,France,32,2021-04-16
411,237-570-4249,9845 2nd Ave,Chicago,USA,28,2020-02-03
412,822-492-5558,4175 Park Ln,Phoenix,UK,33,2019-01-17
413,398-571-1050,207 Main St,New York,USA,43,2022-07-21
414,892-536-8697,2034 Maple Dr,Los Angeles,UK,44,2020-06-14
415,792-867-3850,3509 Highland Ave,Chicago,France,77,2022-06-24
416,332-810-5360,8780 2nd Ave,New York,Canada,64,2023-09-18
417,723-253-5557,5384 Park Ln,Phoenix,France,67,2020-12-26
418,635-431-2752,9084 2nd Ave,Chicago,France,18,2023-06-27
419,889-234-6366,1585 Maple Dr,Houston,Canada,72,2021-12-24
420,781-102-7379,8309 Park Ln,Chicago,USA,19,2021-04-28
421,422-743-3995,9584 Maple Dr,New York,France,54,2022-05-03
422,755-789-2925,1450 2nd Ave,Phoenix,Canada,67,2022-06-03
423,249-139-4101,5856 Main St,Phoenix,UK,47,2023-06-15
424,767-858-9919,4417 Main St,Los Angeles,Canada,46,2020-04-26
425,780-301-4276,1203 Maple Dr,Los Angeles,France,66,2023-08-01
426,338-924-4677,545 2nd Ave,New York,Germany,18,2020-03-03
427,431-907-9143,1514 2nd Ave,Chicago,Germany,22,2022-09-07
428,839-938-3667,9546 Highland Ave,Chicago,France,75,2022-05-03
429,643-535-4206,9179 2nd Ave,Phoenix,UK,64,2022-12-01
430,338-105-1204,1355 Maple Dr,Chicago,USA,68,2021-04-23
431,484-416-7214,132 Maple Dr,Chicago,France,69,2019-08-02
432,542-528-5940,977 Maple Dr,Phoenix,UK,26,2021-06-08
433,356-358-1584,8355 Maple Dr,Houston,Germany,47,2019-09-26
434,867-577-1355,1435 Highland Ave,Los Angeles,USA,43,2020-09-21
435,887-573-1513,7267 2nd Ave,Phoenix,UK,52,2022-08-30
436,914-410-7170,8962 Highland Ave,New York,UK,76,2021-12-29
437,847-624-6058,3199 2nd Ave,Chicago,France,69,2022-09-29
438,206-817-7120,1285 2nd Ave,Phoenix,Canada,76,2021-03-04
439,692-350-5395,6124 2nd Ave,Houston,UK,77,2019-07-26
440,863-264-6493,6656 Highland Ave,Los Angeles,USA,43,2020-11-30
441,350-485-4766,5220 2nd Ave,New York,USA,56,2021-09-13
442,760-526-2695,4855 Park Ln,Phoenix,Canada,59,2022-12-02
443,754-582-2709,7427 Park Ln,Houston,UK,60,2019-04-06
444,640-144-2015,3334 Highland Ave,Chicago,Germany,30,2022-09-16
445,747-954-3350,9834 Main St,Houston,UK,26,2023-04-05
446,422-498-2868,6444 Highland Ave,Chicago,UK,63,2021-09-11
447,228-530-6400,5885 Maple Dr,Chicago,Canada,51,2022-03-27
448,377-704-9780,2497 Park Ln,New York,Canada,55,2019-03-08
449,869-304-3812,4015 Highland Ave,Los Angeles,Germany,20,2023-02-23
450,714-805-1582,4620 Main St,Los Angeles,Canada,53,2020-08-31
451,931-894-7252,620 Maple Dr,New York,UK,58,2022-10-12
452,474-408-9539,8877 Park Ln,Chicago,Canada,58,2023-06-17
453,224-917-8846,6324 Main St,New York,Germany,77,2023-09-23
454,886-815-5897,7632 Park Ln,Houston,Germany,78,2023-11-20
455,428-515-6222,3704 Highland Ave,Los Angeles,France,66,2023-11-22
456,950-421-2118,7707 Main St,Houston,France,78,2021-07-29
457,528-412-8304,4106 2nd Ave,Houston,France,30,2019-08-30
458,489-926-2893,1071 Maple Dr,Los Angeles,USA,66,2023-10-03
459,387-688-8805,5368 2nd Ave,Houston,USA,57,2020-03-25
460,486-934-2164,5892 Maple Dr,Los Angeles,France,18,2022-04-15
461,278-519-7365,3935 Park Ln,Chicago,Germany,32,2020-05-09
462,668-142-3663,7124 Maple Dr,Houston,France,37,2021-12-22
463,743-630-1257,4490 2nd Ave,Houston,France,46,2023-11-30
464,465-873-5457,5217 Maple Dr,Phoenix,France,70,2023-08-25
465,828-552-9759,6458 Maple Dr,New York,UK,59,2021-06-05
466,431-597-8474,8149 Park Ln,Houston,France,65,2023-02-03
467,592-501-1410,5128 Park Ln,Phoenix,Germany,27,2019-02-09
468,644-575-5598,9142 Maple Dr,Los Angeles,Canada,18,2022-02-25
469,842-921-1644,3864 Park Ln,Los Angeles,Canada,22,2019-06-30
470,399-738-2790,9980 Highland Ave,Houston,France,49,2023-10-30
471,201-908-1862,3765 Main St,Chicago,Germany,38,2019-02-02
472,731-947-3826,6790 Main St,Los Angeles,Germany,53,2019-05-31
473,753-851-2701,5815 Highland Ave,Houston,USA,24,2019-04-20
474,420-797-2289,2990 Highland Ave,Phoenix,Germany,76,2023-01-26
475,746-374-9934,1961 Main St,Los Angeles,UK,73,2023-04-19
476,393-697-7279,3316 Highland Ave,Phoenix,Germany,59,2019-10-09
477,185-529-9881,7617 Highland Ave,Phoenix,Germany,38,2023-12-21
478,870-930-1390,6634 Main St,Los Angeles,Canada,69,2019-12-21
479,485-146-3904,8724 Highland Ave,New York,Canada,50,2023-04-16
480,123-438-3569,6709 Maple Dr,New York,Canada,75,2021-09-02
481,711-257-3772,7746 Main St,New York,Canada,49,2020-02-28
482,218-671-9245,7899 2nd Ave,Los Angeles,Canada,22,2023-01-29
483,508-878-8006,4925 Park Ln,Los Angeles,France,18,2022-09-19
484,689-951-4704,8660 Park Ln,Chicago,Canada,32,2019-01-23
485,279-546-9739,6223 2nd Ave,Los Angeles,Canada,65,2023-07-26
486,536-992-2607,9850 Main St,Chicago,Germany,37,2019-05-24
487,301-288-6555,9359 Highland Ave,Los Angeles,Germany,66,2020-10-18
488,929-161-9748,4453 Highland Ave,Phoenix,Canada,43,2019-04-16
489,324-408-2571,1025 Park Ln,Los Angeles,USA,48,2020-03-26
490,918-888-1659,752 Highland Ave,New York,UK,42,2022-01-07
491,497-505-5842,8873 Park Ln,Chicago,Canada,37,2022-02-03
492,759-946-6150,9294 Maple Dr,Los Angeles,Germany,44,2022-03-21
493,358-495-9161,3430 Highland Ave,Houston,Canada,25,2021-04-05
494,595-154-1244,4221 2nd Ave,Chicago,UK,26,2022-12-22
495,768-301-4451,712 2nd Ave,Chicago,France,38,2022-10-22
496,792-317-1628,813 Highland Ave,Phoenix,France,57,2023-10-15
497,150-474-8331,8679 Main St,Chicago,UK,79,2023-09-26
498,447-566-7463,8831 2nd Ave,Houston,UK,55,2021-02-11
499,667-196-8550,4778 Main St,Houston,France,36,2022-10-07
500,545-484-8454,2356 2nd Ave,Los Angeles,USA,69,2019-03-16
501,357-579-3156,4213 Maple Dr,New York,Germany,18,2020-01-12
502,225-625-9964,8485 2nd Ave,New York,Germany,73,2020-07-09
503,624-696-9331,695 Highland Ave,Phoenix,UK,50,2022-04-26
504,632-981-4540,9262 Main St,Chicago,France,50,2021-02-26
505,713-781-3147,1828 Main St,Houston,USA,78,2023-01-20
506,172-436-2916,3176 Main St,New York,USA,35,2022-02-18
507,852-623-9792,4821 Maple Dr,Los Angeles,UK,43,2021-05-04
508,220-547-9845,5539 2nd Ave,Phoenix,Canada,47,2022-06-04
509,311-502-2770,9198 Main St,Los Angeles,USA,30,2023-02-08
510,971-814-8271,7122 Main St,Houston,USA,18,2023-06-05
511,814-452-8483,8964 Maple Dr,New York,USA,29,2021-12-27
512,415-840-1759,3172 Main St,Chicago,USA,61,2019-07-11
513,966-844-7833,6500 Park Ln,Houston,Canada,63,2023-11-09
514,425-666-4834,5665 Main St,Houston,Germany,32,2021-09-11
515,964-399-5476,8565 2nd Ave,Los Angeles,France,50,2022-08-11
516,428-287-7785,2959 Main St,Chicago,France,32,2022-12-25
517,269-980-6406,9611 2nd Ave,Los Angeles,France,57,2023-05-16
518,788-703-8611,6431 2nd Ave,New York,UK,47,2019-01-10
519,498-921-1909,7478 2nd Ave,Los Angeles,France,61,2022-05-28
520,268-252-8726,5149 Highland Ave,Chicago,USA,54,2023-04-07
521,842-672-7990,507 Highland Ave,Phoenix,Germany,21,2019-04-28
522,350-871-8689,4370 Maple Dr,New York,Germany,73,2021-10-16
523,236-225-1762,6168 2nd Ave,Phoenix,France,39,2020-08-11
524,316-730-3771,1427 Park Ln,Los Angeles,Canada,38,2022-04-06
525,197-774-2028,3948 Highland Ave,Houston,France,35,2022-10-18
526,344-427-3019,8786 2nd Ave,Chicago,Germany,26,2021-08-27
527,625-962-6260,4850 Maple Dr,Los Angeles,USA,67,2022-04-08
528,853-296-9777,5263 Maple Dr,Houston,UK,39,2021-06-02
529,566-406-2209,4485 Highland Ave,Houston,Germany,24,2023-10-26
530,958-583-2814,5889 2nd Ave,Houston,France,78,2019-01-09
531,736-324-6338,9660 Main St,Houston,USA,39,2020-03-05
532,492-458-8213,1208 Main St,Los Angeles,Germany,39,2019-04-27
533,588-530-1360,1556 2nd Ave,New York,France,24,2021-08-22
534,765-125-1783,5945 2nd Ave,New York,Germany,74,2023-07-30
535,908-191-7586,5854 2nd Ave,Chicago,Germany,22,2022-09-14
536,539-681-6309,5560 Maple Dr,New York,Germany,52,2023-11-25
537,870-973-9882,2535 Maple Dr,Los Angeles,Germany,27,2022-05-14
538,208-756-1052,3047 Maple Dr,Los Angeles,Canada,40,2022-09-03
539,527-369-3651,5955 Main St,Los Angeles,Canada,55,2019-12-18
540,542-842-9408,8397 Main St,Chicago,Germany,32,2021-02-07
541,260-666-4239,8224 Park Ln,Phoenix,France,24,2019-09-27
542,346-225-7372,2500 Main St,Los Angeles,Canada,41,2019-04-15
543,501-505-9285,5505 2nd Ave,Phoenix,France,23,2019-12-21
544,312-484-9663,1115 Maple Dr,Phoenix,Canada,70,2023-05-24
545,365-339-4608,4383 Highland Ave,Chicago,UK,54,2023-12-22
546,602-614-1916,4262 2nd Ave,New York,Canada,66,2023-09-18
547,789-968-3091,8786 2nd Ave,Los Angeles,France,34,2022-01-09
548,850-402-9308,3110 Main St,Houston,USA,53,2021-04-22
549,783-807-5349,4993 Main St,Phoenix,Germany,77,2020-01-25
550,150-983-9521,3732 Maple Dr,Phoenix,USA,72,2023-10-24
551,561-378-5925,7585 2nd Ave,Houston,Germany,29,2021-07-17
552,636-128-7008,5236 Park Ln,Chicago,UK,73,2022-12-04
553,681-688-3449,1325 2nd Ave,New York,USA,76,2022-12-02
554,254-820-8075,8879 2nd Ave,Houston,Canada,44,2021-04-28
555,468-390-9117,4538 2nd Ave,New York,Germany,45,2019-11-27
556,457-664-7522,7975 Main St,New York,UK,50,2023-01-07
557,216-795-7428,9870 Highland Ave,Chicago,Canada,50,2021-07-05
558,629-701-4373,6576 Main St,New York,Canada,42,2021-06-06
559,344-754-6287,2992 Highland Ave,Phoenix,Germany,42,2019-04-08
560,276-760-9210,9751 Highland Ave,Chicago,Canada,76,2023-02-19
561,189-582-5615,1716 Park Ln,Los Angeles,USA,25,2020-11-16
562,979-662-3501,9989 Maple Dr,New York,Canada,36,2021-05-16
563,297-134-7144,3254 Highland Ave,Houston,Germany,56,2023-10-29
564,779-594-6656,9488 Park Ln,Los Angeles,USA,68,2021-02-15
565,782-216-5132,1291 Main St,Houston,UK,70,2020-07-23
566,768-605-9337,5606 2nd Ave,Phoenix,USA,67,2022-10-13
567,136-896-1891,5459 Maple Dr,Los Angeles,France,52,2020-04-05
568,594-834-6222,9189 Main St,Houston,UK,69,2021-01-31
569,838-581-3863,7480 2nd Ave,Houston,Canada,20,2020-11-05
570,500-935-4575,7070 Maple Dr,Los Angeles,USA,66,2021-06-13
571,917-184-7314,5753 2nd Ave,Los Angeles,Germany,45,2021-05-18
572,774-721-4738,9766 Highland Ave,New York,UK,73,2023-06-06
573,100-952-5674,2741 Highland Ave,New York,UK,41,2020-02-12
574,256-655-9291,5990 Main St,Los Angeles,USA,72,2020-06-23
575,909-737-1252,2397 Park Ln,Houston,Germany,44,2021-08-23
576,249-592-1393,9690 Main St,Phoenix,USA,30,2021-01-23
577,679-980-4759,9992 Park Ln,New York,Canada,64,2020-10-01
578,883-684-7454,9011 Highland Ave,Los Angeles,Canada,71,2021-01-02
579,374-201-8485,3556 2nd Ave,Phoenix,France,75,2019-01-29
580,661-270-1531,2359 Park Ln,Houston,France,18,2021-03-26
581,207-192-1716,5699 Park Ln,Houston,Germany,40,2020-07-29
582,869-768-8805,544 Highland Ave,Phoenix,Canada,79,2022-09-14
583,748-475-3982,6744 Maple Dr,Houston,France,59,2023-09-05
584,119-805-1389,7044 Maple Dr,Houston,Canada,72,2019-03-07
585,904-513-7887,5242 Maple Dr,Los Angeles,Germany,50,2020-02-01
586,141-644-8692,8413 2nd Ave,New York,Canada,74,2023-02-06
587,262-456-5275,1635 2nd Ave,Phoenix,USA,24,2023-03-05
588,839-213-2972,8107 Maple Dr,Chicago,France,43,2020-11-15
589,473-866-5733,5855 Maple Dr,Houston,France,33,2022-02-09
590,204-283-8380,4073 Park Ln,Phoenix,Canada,51,2022-09-03
591,271-795-8552,3210 Main St,Los Angeles,USA,43,2019-06-20
592,446-613-8186,1521 2nd Ave,Chicago,France,61,2023-01-02
593,393-480-8197,7884 Park Ln,Phoenix,UK,61,2023-03-13
594,111-773-2135,2167 Maple Dr,Chicago,Canada,27,2021-04-26
595,647-439-6785,4420 Highland Ave,Los Angeles,France,33,2023-07-10
596,117-106-2178,1976 Main St,Chicago,Germany,57,2022-07-22
597,991-867-9977,3976 Park Ln,New York,France,57,2019-07-10
598,890-493-5716,7789 Main St,Chicago,UK,68,2020-02-04
599,952-496-4231,7478 Park Ln,Houston,France,18,2023-05-03
600,670-856-3450,164 Park Ln,Los Angeles,USA,70,2023-12-03
601,351-400-3418,5366 Maple Dr,Phoenix,UK,45,2021-10-23
602,890-840-4108,2261 Maple Dr,Houston,France,18,2023-05-15
603,451-391-5068,9283 Main St,Phoenix,Germany,25,2021-07-09
604,755-594-9501,9439 Park Ln,Los Angeles,UK,27,2022-07-21
605,950-532-4200,7401 Maple Dr,Chicago,USA,41,2023-08-30
606,781-478-5404,8263 Highland Ave,Chicago,Germany,40,2019-11-10
607,773-836-3294,9211 Highland Ave,Phoenix,USA,43,2021-10-27
608,620-575-8589,5964 Park Ln,New York,France,65,2022-02-03
609,167-644-1231,502 Main St,Phoenix,Canada,74,2023-06-06
610,866-210-6304,4650 Maple Dr,New York,UK,67,2022-10-19
611,257-607-8918,4525 Park Ln,Phoenix,USA,42,2021-06-04
612,792-792-9737,8706 2nd Ave,Houston,Canada,57,2022-10-18
613,947-568-8090,6985 Park Ln,Phoenix,Germany,35,2023-12-19
614,466-441-6905,6579 Highland Ave,Los Angeles,USA,73,2020-08-31
615,977-176-1527,5845 2nd Ave,Phoenix,UK,35,2021-01-23
616,311-542-8149,6018 Park Ln,Houston,USA,43,2023-11-29
617,393-103-8576,8448 Park Ln,Chicago,Canada,51,2020-04-15
618,419-408-9973,4103 Main St,New York,Germany,79,2022-03-20
619,595-952-5498,6735 Maple Dr,New York,Germany,69,2022-11-21
620,508-660-6537,2882 2nd Ave,New York,UK,41,2021-11-26
621,585-539-9228,5312 Highland Ave,Los Angeles,Canada,69,2023-05-14
622,400-592-6320,8157 Park Ln,Chicago,Germany,54,2023-04-29
623,585-256-9027,1785 2nd Ave,Phoenix,UK,78,2020-02-16
624,719-189-8606,3897 Highland Ave,Los Angeles,France,25,2022-11-26
625,449-498-8702,6095 Highland Ave,Houston,Germany,42,2020-02-07
626,962-386-7901,4277 Main St,Houston,Canada,27,2019-04-04
627,458-446-4113,9817 Main St,Chicago,Germany,70,2023-02-11
628,103-495-6125,5569 Main St,Phoenix,France,51,2019-04-15
629,765-491-8417,9693 Maple Dr,New York,Canada,45,2021-11-21
630,377-993-4343,3099 Main St,Chicago,UK,65,2022-09-27
631,844-794-4153,7514 Highland Ave,Chicago,USA,69,2022-03-07
632,797-802-9883,4793 Park Ln,New York,UK,67,2019-06-21
633,188-693-6986,4699 Park Ln,Houston,Canada,25,2023-11-01
634,783-945-5746,4191 Main St,New York,France,36,2021-07-12
635,512-198-7556,6131 Highland Ave,Phoenix,USA,24,2020-02-17
636,201-449-3258,9517 Highland Ave,Chicago,Germany,51,2023-09-06
637,819-738-9222,1094 Highland Ave,Chicago,Canada,27,2023-02-17
638,676-853-4151,326 Maple Dr,Phoenix,Canada,77,2022-05-19
639,549-139-1957,6413 Park Ln,New York,Germany,43,2023-01-23
640,305-987-4369,7589 Park Ln,New York,UK,52,2020-08-30
641,883-121-3799,3558 Main St,Los Angeles,USA,28,2021-07-11
642,236-687-9558,3178 Main St,Houston,UK,36,2021-04-20
643,630-651-8067,9240 2nd Ave,Chicago,France,28,2023-01-30
644,228-650-2852,7850 Highland Ave,New York,USA,64,2021-12-06
645,978-432-9717,4876 Park Ln,Chicago,France,61,2023-01-29
646,980-418-7954,2069 2nd Ave,Los Angeles,Canada,53,2019-03-08
647,978-400-8092,7508 Main St,Chicago,USA,22,2023-06-03
648,486-543-1082,7367 Park Ln,Phoenix,Canada,53,2022-12-06
649,594-441-3296,1498 Highland Ave,Phoenix,USA,46,2021-01-28
650,689-653-9124,6821 Highland Ave,Phoenix,Germany,25,2022-06-03
651,674-560-1808,8662 2nd Ave,Chicago,UK,48,2020-07-02
652,512-422-8987,6673 Park Ln,Los Angeles,France,56,2020-12-21
653,578-998-5868,1915 Maple Dr,Phoenix,France,49,2021-03-12
654,414-625-1006,2020 Maple Dr,New York,Germany,76,2019-06-04
655,516-341-2269,4410 Park Ln,Houston,France,28,2023-01-22
656,461-610-1402,5553 2nd Ave,New York,UK,78,2020-03-30
657,634-265-1797,327 Main St,Phoenix,USA,67,2020-07-24
658,776-650-8120,1887 Main St,New York,Germany,63,2023-12-02
659,520-694-9039,8604 Highland Ave,Phoenix,France,50,2022-05-23
660,270-197-8821,9223 Maple Dr,New York,France,27,2021-10-07
661,133-920-9571,5661 Maple Dr,Los Angeles,Germany,22,2021-10-04
662,284-532-1506,8662 Park Ln,New York,USA,43,2022-02-08
663,562-451-2716,2499 Main St,Phoenix,UK,37,2021-03-20
664,709-720-5462,4524 Maple Dr,Houston,France,44,2021-03-27
665,984-341-8607,5606 Park Ln,Houston,Germany,75,2021-02-13
666,727-979-3967,9745 2nd Ave,Los Angeles,France,73,2019-11-03
667,439-843-6330,1643 2nd Ave,Chicago,France,74,2020-03-14
668,802-721-7135,4041 Main St,Chicago,Germany,50,2022-02-08
669,381-703-7340,1952 Main St,Los Angeles,Germany,72,2023-05-14
670,642-767-3984,6355 Highland Ave,Chicago,Germany,30,2022-12-05
671,604-756-9832,1704 Main St,Houston,Canada,53,2019-02-09
672,607-459-9641,9894 Park Ln,Phoenix,France,70,2022-04-18
673,190-970-2714,8846 Maple Dr,Chicago,France,75,2020-07-19
674,747-982-6399,9399 Park Ln,New York,UK,48,2019-01-04
675,641-702-8823,5935 Highland Ave,New York,Canada,33,2019-06-15
676,940-559-8518,840 Main St,New York,France,20,2022-08-10
677,843-552-1495,9487 Park Ln,New York,UK,71,2019-09-27
678,799-867-9635,7906 Highland Ave,New York,USA,18,2020-12-07
679,682-733-7730,845 2nd Ave,New York,UK,77,2021-07-29
680,869-753-9669,7447 Main St,Houston,France,66,2021-02-20
681,590-103-3328,7096 Maple Dr,New York,UK,21,2019-06-11
682,841-695-7435,5423 2nd Ave,Chicago,USA,65,2020-07-07
683,293-500-6731,7483 Main St,Los Angeles,UK,69,2019-03-14
684,720-628-1415,8694 Park Ln,Houston,USA,29,2023-02-26
685,715-243-1543,2425 2nd Ave,Phoenix,UK,27,2023-08-04
686,354-597-5179,9408 2nd Ave,Los Angeles,Canada,60,2021-06-03
687,512-598-4440,8110 Maple Dr,Chicago,Germany,42,2021-10-04
688,731-754-4850,6383 2nd Ave,Los Angeles,USA,42,2022-04-23
689,503-908-3957,2880 Park Ln,New York,UK,44,2023-12-11
690,305-844-2685,3966 Main St,Phoenix,UK,73,2022-11-21
691,824-427-2315,1930 Maple Dr,Houston,UK,37,2019-04-11
692,568-942-1998,267 2nd Ave,Chicago,France,79,2023-03-09
693,632-962-6370,1388 2nd Ave,Los Angeles,Germany,51,2022-01-07
694,227-929-9071,5103 Highland Ave,Houston,UK,23,2019-02-15
695,309-221-3726,2884 Main St,Phoenix,UK,30,2021-03-06
696,690-946-6058,4353 Maple Dr,New York,France,59,2023-01-15
697,735-304-5738,8634 Main St,Phoenix,Germany,52,2020-08-02
698,886-122-9004,3951 Main St,Los Angeles,USA,55,2020-10-24
699,451-769-9095,5468 Maple Dr,Houston,France,64,2022-05-28
700,103-648-3133,6949 Highland Ave,Houston,Germany,63,2020-05-08
701,445-468-5637,3968 Highland Ave,New York,Germany,66,2019-05-20
702,729-827-6678,2787 2nd Ave,New York,UK,22,2019-06-17
703,262-652-4129,6002 Park Ln,Phoenix,Germany,28,2020-09-29
704,833-655-2718,1581 Maple Dr,New York,Canada,67,2023-02-12
705,411-740-4499,2190 Maple Dr,Phoenix,UK,31,2021-10-25
706,774-520-2491,7580 Main St,Chicago,France,73,2021-03-25
707,328-143-9679,5859 2nd Ave,Los Angeles,Canada,26,2020-06-14
708,510-446-2745,3142 Highland Ave,New York,USA,77,2019-04-29
709,642-422-3385,2745 Park Ln,Los Angeles,France,67,2019-02-03
710,568-305-7961,1289 Highland Ave,Phoenix,France,23,2021-04-27
711,791-311-5466,5553 Park Ln,New York,France,19,2022-11-01
712,525-476-8578,256 Highland Ave,Los Angeles,Canada,21,2023-06-20
713,898-537-5369,2356 Main St,Chicago,Canada,68,2022-09-18
714,814-796-8852,8841 Highland Ave,Chicago,France,42,2022-04-09
715,728-439-6828,5671 Highland Ave,Houston,Canada,41,2023-10-23
716,936-247-6760,2618 Maple Dr,New York,Germany,36,2020-03-26
717,700-872-1983,8330 Maple Dr,Los Angeles,UK,73,2019-12-11
718,390-914-1586,1839 Maple Dr,Phoenix,Germany,23,2019-08-31
719,202-755-8850,926 2nd Ave,New York,Germany,22,2022-09-27
720,191-405-3936,5680 Park Ln,Los Angeles,USA,32,2020-10-30
721,214-896-9612,2805 2nd Ave,Phoenix,France,42,2022-04-11
722,380-986-6962,4475 Highland Ave,Phoenix,France,32,2020-10-03
723,455-664-8473,8897 Highland Ave,Los Angeles,France,56,2021-06-18
724,214-517-1297,664 Main St,Los Angeles,UK,71,2019-01-31
725,767-929-3451,7893 Highland Ave,Phoenix,USA,71,2020-08-26
726,777-709-7211,1440 Highland Ave,New York,USA,60,2020-09-05
727,629-331-8385,2170 Highland Ave,Los Angeles,USA,79,2019-02-27
728,538-479-5360,7524 Highland Ave,Los Angeles,USA,30,2022-05-11
729,776-492-9057,9152 Park Ln,Houston,Germany,68,2023-01-05
730,840-554-6668,2866 Park Ln,Los Angeles,UK,67,2020-05-20
731,738-564-9628,9978 Park Ln,Phoenix,USA,79,2022-12-30
732,244-281-3124,7511 Highland Ave,Chicago,UK,37,2020-02-19
733,313-566-5584,9529 Park Ln,Chicago,USA,18,2023-04-27
734,211-512-3399,858 Park Ln,Chicago,Canada,21,2021-08-19
735,849-133-8397,3590 Park Ln,Chicago,UK,32,2020-09-24
736,658-414-5615,878 Highland Ave,New York,Germany,69,2021-11-20
737,953-845-6004,6869 Highland Ave,Los Angeles,Germany,59,2019-07-02
738,268-885-3448,1856 Park Ln,Chicago,France,77,2019-11-02
739,744-461-8524,9129 Park Ln,New York,France,44,2023-05-27
740,177-340-5030,8640 Main St,New York,Germany,26,2019-12-19
741,394-132-6263,7672 2nd Ave,New York,USA,74,2022-01-14
742,422-851-3097,7762 2nd Ave,Los Angeles,UK,36,2023-04-21
743,672-806-8243,2698 Main St,New York,Canada,18,2021-07-02
744,692-677-2936,6008 Maple Dr,Phoenix,France,19,2022-07-14
745,135-710-8681,3166 Maple Dr,Chicago,Germany,62,2022-08-30
746,389-337-5365,3294 Main St,Chicago,Germany,41,2023-07-13
747,967-965-7630,7091 Maple Dr,Phoenix,Canada,55,2019-08-07
748,118-374-2772,6180 Park Ln,Phoenix,USA,64,2019-02-05
749,505-574-5040,8943 2nd Ave,Houston,France,30,2020-04-27
750,153-239-1309,2231 Highland Ave,Chicago,France,77,2023-10-19
751,125-730-1173,145 Highland Ave,Phoenix,Canada,71,2020-06-19
752,199-767-3447,1617 Main St,Phoenix,UK,51,2021-12-10
753,402-749-4937,255 2nd Ave,Chicago,Canada,70,2021-04-17
754,974-431-3407,9596 Maple Dr,Houston,Germany,60,2020-05-19
755,326-629-4135,256 Maple Dr,Houston,USA,19,2019-08-06
756,432-799-9638,6731 Main St,Phoenix,Germany,46,2021-04-13
757,307-352-9174,3865 Highland Ave,Phoenix,Germany,32,2022-06-25
758,585-518-8155,604 Main St,Los Angeles,France,34,2023-05-11
759,494-284-9680,6906 Highland Ave,Phoenix,UK,42,2023-07-07
760,451-304-4171,9794 Park Ln,Los Angeles,USA,54,2020-03-21
761,108-850-4373,5748 Highland Ave,Phoenix,UK,35,2022-12-14
762,259-895-3114,5140 Highland Ave,Chicago,Canada,76,2019-11-07
763,503-414-8464,7886 Maple Dr,New York,France,35,2022-02-26
764,728-266-2641,951 Main St,New York,Germany,66,2023-01-26
765,717-515-8466,7487 Maple Dr,Houston,USA,35,2023-09-27
766,368-706-6596,5063 Maple Dr,New York,USA,37,2020-10-27
767,359-741-4745,5725 Highland Ave,Houston,Canada,18,2019-07-31
768,921-259-3005,5768 Main St,Los Angeles,UK,44,2023-02-23
769,593-430-6867,8107 Main St,Phoenix,USA,51,2020-09-27
770,335-581-6733,6209 Park Ln,Los Angeles,Canada,45,2022-05-31
771,537-629-7682,8256 Main St,Phoenix,France,57,2019-10-29
772,450-245-6174,4959 Park Ln,Chicago,France,52,2022-09-04
773,111-120-5098,8306 Highland Ave,Phoenix,UK,42,2023-12-31
774,495-837-6946,3583 Maple Dr,Chicago,USA,76,2023-02-09
775,349-319-5662,2741 2nd Ave,Phoenix,USA,44,2019-05-13
776,786-389-6626,1672 Highland Ave,Phoenix,Canada,59,2023-06-04
777,793-214-7651,2393 2nd Ave,New York,Canada,79,2021-11-29
778,663-728-1772,773 Maple Dr,New York,USA,58,2021-11-19
779,852-791-2165,2136 Main St,Houston,USA,46,2019-10-24
780,882-118-2328,6028 2nd Ave,Los Angeles,UK,57,2019-11-03
781,214-275-9852,3818 Park Ln,Los Angeles,Germany,40,2019-08-18
782,515-475-4740,703 Highland Ave,Houston,USA,24,2020-08-25
783,159-259-7011,7987 Highland Ave,Los Angeles,France,50,2022-03-10
784,886-212-2265,5102 2nd Ave,Houston,USA,62,2021-02-13
785,261-109-7987,8778 Park Ln,Chicago,UK,22,2021-09-14
786,213-745-4505,3532 2nd Ave,Los Angeles,France,52,2022-04-09
787,960-680-1474,2115 Maple Dr,New York,UK,74,2021-10-30
788,834-657-7450,9260 Park Ln,Phoenix,Germany,18,2022-08-08
789,143-761-8984,3701 2nd Ave,Chicago,UK,34,2023-02-15
790,152-656-4071,8836 Highland Ave,Houston,Canada,53,2023-09-30
791,932-181-5244,2352 Maple Dr,Phoenix,Canada,21,2021-01-28
792,293-276-7412,3767 Maple Dr,Houston,USA,32,2022-07-05
793,209-699-9099,5415 Park Ln,Chicago,Canada,39,2023-04-02
794,647-959-6453,5732 Main St,Houston,USA,64,2023-01-23
795,556-405-2159,6938 2nd Ave,Los Angeles,France,51,2019-12-25
796,913-106-6447,2738 Maple Dr,Phoenix,USA,21,2022-10-09
797,928-237-2536,5614 2nd Ave,Phoenix,UK,77,2019-10-26
798,130-769-9387,9367 2nd Ave,Houston,UK,22,2023-01-28
799,410-611-6381,2187 Maple Dr,Los Angeles,Germany,28,2022-01-03
800,132-600-5864,6791 Park Ln,New York,France,64,2022-09-17
801,464-820-7556,2649 Maple Dr,New York,Germany,71,2019-10-23
802,128-322-4778,9765 Park Ln,Phoenix,Canada,66,2022-04-16
803,487-659-4148,4256 Highland Ave,Los Angeles,USA,53,2020-07-14
804,326-171-6775,6855 Maple Dr,New York,UK,43,2019-12-28
805,123-264-9542,3668 Maple Dr,New York,Canada,21,2021-05-11
806,628-467-1756,6178 2nd Ave,Phoenix,UK,42,2022-06-23
807,663-781-8870,1707 2nd Ave,New York,France,71,2021-02-17
808,830-568-4897,5734 Main St,New York,Germany,61,2023-04-17
809,215-270-7746,4431 Highland Ave,Houston,Germany,49,2023-06-15
810,813-441-4557,5960 Maple Dr,Chicago,UK,58,2021-04-04
811,310-436-1176,7827 Park Ln,New York,UK,38,2019-08-14
812,578-350-7876,1609 Highland Ave,Houston,Germany,59,2023-02-16
813,323-599-7367,3914 Park Ln,Los Angeles,UK,43,2019-12-17
814,737-650-3013,6105 Highland Ave,Chicago,Germany,51,2022-07-09
815,403-640-5382,5123 Main St,Los Angeles,Germany,72,2023-10-21
816,623-124-2593,593 Highland Ave,Houston,Canada,62,2022-12-07
817,973-437-6383,2009 Park Ln,Los Angeles,France,31,2019-12-12
818,341-710-1853,4877 Highland Ave,Chicago,UK,72,2020-08-24
819,823-168-6856,5432 Park Ln,Houston,UK,55,2023-06-10
820,144-618-8377,3601 Maple Dr,Chicago,UK,34,2020-02-06
821,748-850-8654,9207 Main St,Chicago,Germany,59,2020-01-20
822,775-780-3826,1316 Highland Ave,New York,USA,75,2022-06-20
823,277-399-8348,8886 Highland Ave,Houston,USA,32,2023-01-02
824,934-775-1185,2761 Main St,Los Angeles,UK,20,2019-10-27
825,245-212-6484,9929 Highland Ave,Houston,Canada,41,2022-06-13
826,714-204-4221,9173 Park Ln,Los Angeles,Germany,58,2019-09-22
827,834-756-5308,6135 Main St,Chicago,Germany,51,2020-06-26
828,521-216-7478,7532 Main St,Houston,USA,51,2021-04-11
829,820-120-7965,5160 Park Ln,Los Angeles,France,26,2021-04-29
830,957-333-2811,2547 Main St,New York,USA,37,2019-10-27
831,794-825-6817,2334 Main St,Phoenix,France,56,2021-05-30
832,843-385-6488,7576 Park Ln,Houston,UK,48,2023-08-29
833,188-105-4243,8733 Maple Dr,Chicago,USA,74,2020-05-08
834,232-181-5839,9850 Park Ln,Los Angeles,UK,75,2020-05-22
835,935-896-4484,4192 Maple Dr,Houston,Germany,64,2021-02-08
836,263-731-1861,7608 Main St,Los Angeles,Germany,57,2020-01-22
837,896-940-5988,9014 Park Ln,New York,Canada,33,2023-09-11
838,856-405-5376,4095 Main St,Houston,Canada,53,2022-03-02
839,623-986-3220,3495 Maple Dr,Phoenix,Germany,30,2021-07-25
840,206-109-2825,8569 Highland Ave,New York,UK,47,2020-02-02
841,774-912-1321,5056 Maple Dr,Houston,France,40,2023-05-30
842,869-190-1203,1313 Highland Ave,Phoenix,France,60,2020-01-25
843,120-226-1299,4084 2nd Ave,Los Angeles,UK,47,2021-07-01
844,764-559-8713,8632 2nd Ave,Chicago,USA,76,2020-03-01
845,472-341-6587,1502 Park Ln,New York,Germany,76,2019-05-10
846,500-274-1897,6923 Highland Ave,Los Angeles,Germany,40,2023-01-19
847,414-866-4436,9523 Highland Ave,Los Angeles,UK,57,2022-02-12
848,879-183-6029,7457 Maple Dr,Chicago,UK,61,2020-09-07
849,868-740-7812,3894 Main St,New York,USA,33,2021-12-21
850,850-211-6726,6738 Park Ln,New York,France,52,2019-10-31
851,650-458-5986,9317 Park Ln,Phoenix,Canada,66,2023-06-28
852,545-395-5469,3720 2nd Ave,Los Angeles,UK,67,2020-03-08
853,327-699-8512,2227 Park Ln,Phoenix,USA,43,2020-01-03
854,686-385-9926,2825 Highland Ave,Phoenix,Germany,29,2022-09-07
855,207-218-8857,3966 Park Ln,Los Angeles,France,23,2022-05-11
856,880-123-7814,8925 Park Ln,Los Angeles,USA,56,2019-12-28
857,373-273-3976,6351 Main St,Chicago,USA,54,2021-09-12
858,225-328-9479,253 Highland Ave,Houston,Canada,45,2021-12-16
859,704-361-4593,8998 Main St,Chicago,France,47,2022-12-22
860,201-205-9208,7490 Park Ln,Los Angeles,Canada,37,2023-02-12
861,975-700-9571,1813 Maple Dr,Chicago,Germany,48,2023-12-19
862,752-692-7584,222 Main St,Phoenix,Canada,79,2019-02-10
863,175-732-4964,7886 Maple Dr,Phoenix,USA,78,2022-04-01
864,703-489-5372,7881 Main St,Los Angeles,France,24,2023-08-06
865,655-576-8582,7988 2nd Ave,Houston,France,42,2022-10-01
866,163-772-3469,2556 Main St,New York,Canada,56,2021-02-06
867,300-840-9768,8514 2nd Ave,Chicago,Germany,60,2022-12-14
868,104-693-5393,5735 Main St,Phoenix,UK,38,2023-02-17
869,770-477-6443,3982 Main St,Phoenix,UK,23,2021-09-20
870,690-660-4027,8753 Maple Dr,Chicago,UK,49,2022-01-15
871,745-669-6223,5552 Main St,New York,Germany,71,2022-03-23
872,979-976-7494,8689 Highland Ave,Houston,Canada,31,2019-07-02
873,740-548-7997,5916 2nd Ave,Houston,USA,24,2020-03-03
874,250-488-3020,3358 Highland Ave,New York,USA,64,2021-11-06
875,248-762-2216,3293 2nd Ave,Chicago,USA,53,2020-12-30
876,149-783-9083,3523 Main St,Phoenix,France,38,2020-05-31
877,931-565-9625,4059 2nd Ave,New York,UK,62,2020-05-18
878,480-241-5273,280 Main St,Chicago,Canada,63,2022-01-07
879,812-193-8168,6610 Maple Dr,Chicago,France,52,2021-07-01
880,563-165-5285,3968 Highland Ave,Chicago,USA,20,2022-10-07
881,201-373-1768,9080 Maple Dr,New York,France,24,2023-03-26
882,698-510-2805,1675 Main St,Houston,France,76,2022-12-25
883,548-637-2534,3969 Highland Ave,Phoenix,Germany,53,2022-07-16
884,367-787-9145,8504 Highland Ave,Houston,UK,48,2021-12-12
885,838-496-8917,1491 Maple Dr,Houston,Germany,32,2019-12-27
886,391-871-1030,1900 Main St,Phoenix,USA,47,2021-06-18
887,320-757-3192,6634 Highland Ave,Los Angeles,UK,52,2022-09-08
888,732-753-4179,2294 Main St,Phoenix,Germany,63,2019-05-02
889,399-344-4801,3996 Maple Dr,Chicago,Germany,22,2022-12-18
890,870-182-5829,987 Highland Ave,Chicago,France,61,2023-07-24
891,961-695-2755,4668 Park Ln,Los Angeles,USA,41,2022-08-18
892,799-634-3653,3191 Highland Ave,Phoenix,France,22,2019-01-16
893,781-485-7744,2504 Highland Ave,Chicago,USA,75,2021-05-19
894,652-455-8473,6344 Maple Dr,Chicago,Canada,47,2020-12-03
895,574-995-4834,6382 2nd Ave,Chicago,Germany,30,2020-06-10
896,742-719-8135,1525 Park Ln,Phoenix,Germany,38,2019-04-29
897,708-906-2432,6413 Maple Dr,Phoenix,Germany,20,2020-06-18
898,553-898-6970,5532 2nd Ave,Chicago,Germany,31,2021-11-28
899,187-303-4674,8999 Maple Dr,Chicago,Germany,64,2020-07-13
900,254-374-7683,7911 Highland Ave,Phoenix,Germany,74,2023-09-22
901,564-794-2977,2045 Maple Dr,New York,France,52,2019-10-03
902,593-627-9594,3907 2nd Ave,New York,USA,72,2019-05-04
903,777-814-8900,2683 2nd Ave,Los Angeles,UK,43,2023-03-10
904,316-280-1333,5241 Main St,Los Angeles,UK,59,2022-09-11
905,344-294-6182,4948 Maple Dr,Los Angeles,UK,63,2020-05-16
906,535-312-6109,2319 Park Ln,Houston,Canada,18,2023-12-26
907,753-682-2578,5327 Park Ln,Los Angeles,UK,55,2022-11-18
908,285-958-4388,7538 2nd Ave,Houston,France,67,2021-08-25
909,557-774-3176,7813 Park Ln,Phoenix,Canada,53,2020-04-20
910,464-891-6956,8095 Main St,Houston,Canada,24,2021-09-12
911,335-595-3084,4531 Maple Dr,New York,Canada,42,2020-06-20
912,865-434-5437,5140 2nd Ave,Los Angeles,France,63,2023-09-30
913,343-220-9116,9424 Park Ln,Phoenix,France,47,2019-07-07
914,151-661-3721,3229 Main St,New York,USA,31,2022-10-11
915,339-928-6260,1846 2nd Ave,Chicago,Canada,64,2019-05-12
916,584-944-1533,7768 Maple Dr,Chicago,France,45,2022-01-20
917,393-591-7189,6423 Highland Ave,Phoenix,Germany,42,2019-02-03
918,849-116-1001,3727 2nd Ave,Chicago,UK,26,2022-08-20
919,929-461-3441,2290 Park Ln,New York,Canada,64,2020-01-05
920,105-721-7401,9322 Main St,Houston,France,62,2020-08-24
921,913-156-6357,5681 2nd Ave,Houston,France,70,2019-09-10
922,392-590-8990,8559 Maple Dr,Houston,UK,28,2022-09-26
923,986-382-2171,7840 2nd Ave,Houston,Germany,43,2023-08-06
924,846-700-1775,5378 Main St,Phoenix,France,55,2023-12-26
925,569-863-9459,6334 Maple Dr,Houston,Germany,72,2022-03-25
926,336-832-4737,9941 Highland Ave,Los Angeles,UK,38,2020-01-14
927,180-364-7538,5231 Highland Ave,Phoenix,Germany,41,2023-07-27
928,522-457-9880,405 Park Ln,Phoenix,Germany,39,2023-12-11
929,423-269-8409,3445 Maple Dr,New York,France,24,2022-05-16
930,690-918-7707,2964 Highland Ave,Houston,Canada,56,2020-12-17
931,954-410-6439,1378 Park Ln,Chicago,France,22,2021-09-30
932,290-338-1061,2701 2nd Ave,Phoenix,Canada,27,2021-05-22
933,512-799-7442,9998 Highland Ave,Los Angeles,UK,71,2022-11-25
934,105-966-7676,4288 Highland Ave,Los Angeles,Canada,78,2019-03-08
935,667-854-2039,9065 Park Ln,Houston,Germany,25,2023-01-29
936,863-430-9777,6952 Main St,Los Angeles,Germany,34,2022-04-04
937,627-784-9784,717 2nd Ave,Phoenix,France,39,2019-06-29
938,316-323-1021,5099 Park Ln,Chicago,Canada,77,2021-05-21
939,820-753-6640,2489 2nd Ave,Houston,Germany,49,2019-07-16
940,488-458-2861,4694 Maple Dr,Chicago,USA,66,2021-05-17
941,553-672-9124,1150 Highland Ave,Los Angeles,France,21,2019-09-01
942,803-204-6265,1136 Main St,Chicago,USA,22,2023-11-02
943,139-199-4705,6164 Maple Dr,Los Angeles,UK,22,2020-12-25
944,126-476-3887,1752 2nd Ave,New York,Germany,78,2019-03-20
945,693-335-7017,7115 Park Ln,New York,France,21,2023-10-01
946,945-390-7430,4051 Maple Dr,Los Angeles,Germany,59,2022-06-05
947,542-682-7702,6332 Park Ln,Phoenix,Germany,42,2022-07-31
948,381-604-7433,6431 Maple Dr,New York,Canada,77,2021-07-17
949,517-678-9597,6420 Main St,Chicago,UK,48,2020-05-24
950,540-810-4777,8432 2nd Ave,Phoenix,Canada,58,2020-05-03
951,735-740-6316,9059 Main St,Houston,USA,34,2022-07-30
952,575-619-1882,431 Maple Dr,Los Angeles,France,61,2020-05-27
953,963-151-5245,8270 Park Ln,New York,France,31,2020-04-16
954,936-492-5120,9149 Maple Dr,Phoenix,USA,51,2020-06-02
955,839-203-6395,8168 2nd Ave,Phoenix,Canada,29,2023-03-02
956,984-939-5489,1345 Main St,Houston,USA,23,2023-01-28
957,670-447-5134,4151 Main St,Phoenix,Germany,22,2023-10-05
958,665-543-5229,2971 Maple Dr,Los Angeles,Germany,38,2023-05-31
959,599-283-3962,2527 Park Ln,Chicago,USA,71,2021-03-31
960,385-315-5324,5377 Park Ln,Houston,UK,67,2019-04-06
961,611-437-3861,703 Maple Dr,Chicago,Canada,36,2022-05-22
962,558-355-2003,6870 2nd Ave,New York,USA,35,2019-04-30
963,473-875-3558,273 2nd Ave,New York,France,71,2022-09-30
964,719-714-7788,348 Main St,Los Angeles,UK,37,2019-12-21
965,721-944-3720,237 Maple Dr,Los Angeles,UK,56,2023-11-22
966,654-438-1629,3139 Highland Ave,Houston,Canada,37,2019-04-11
967,709-327-3142,6989 Main St,New York,France,72,2020-08-14
968,694-953-1526,6340 Main St,Houston,USA,23,2021-11-02
969,138-323-1852,8228 Main St,Chicago,UK,22,2022-03-17
970,487-654-5483,1610 Maple Dr,Phoenix,France,78,2020-10-14
971,431-421-6357,6776 Main St,Phoenix,Germany,74,2021-02-28
972,178-465-3529,3768 Maple Dr,New York,USA,55,2020-05-23
973,294-276-7842,1144 Park Ln,Los Angeles,Germany,27,2020-04-13
974,549-590-1623,3297 Highland Ave,Chicago,Canada,40,2023-10-09
975,791-343-5778,7059 Park Ln,Phoenix,USA,57,2022-08-06
976,830-675-6766,9333 Maple Dr,Chicago,USA,75,2021-09-20
977,201-720-3133,105 Highland Ave,Los Angeles,Canada,19,2023-01-10
978,852-531-9933,1387 Main St,Chicago,UK,78,2022-11-24
979,743-550-7895,3354 2nd Ave,Phoenix,Canada,72,2021-02-13
980,196-769-8288,8956 Main St,New York,France,32,2022-12-26
981,804-186-8980,8901 2nd Ave,Houston,USA,74,2020-12-02
982,345-264-1574,3720 Highland Ave,Phoenix,UK,34,2022-10-16
983,939-329-2400,867 Highland Ave,Phoenix,Canada,19,2020-04-11
984,565-463-6341,4933 2nd Ave,Houston,UK,34,2019-10-14
985,572-272-7824,4502 2nd Ave,Houston,Germany,71,2021-01-03
986,116-497-1034,5267 Maple Dr,Phoenix,France,36,2020-11-20
987,667-464-3907,974 Highland Ave,Chicago,France,78,2019-04-20
988,802-217-7011,2685 Maple Dr,Los Angeles,Canada,52,2021-02-20
989,733-445-4024,2386 Maple Dr,Houston,France,38,2019-07-30
990,650-915-2272,6461 Park Ln,Los Angeles,France,22,2022-01-08
991,971-442-7455,7462 Main St,Houston,USA,61,2021-08-24
992,412-398-3006,964 2nd Ave,New York,France,73,2019-11-02
993,385-728-1675,7901 Highland Ave,Houston,France,61,2022-09-25
994,331-816-5037,7301 Park Ln,Phoenix,USA,77,2022-07-28
995,557-762-3559,6838 Park Ln,Houston,Germany,51,2019-06-28
996,737-366-3944,6446 Maple Dr,Houston,Canada,68,2020-03-05
997,431-307-6028,9006 2nd Ave,Chicago,France,30,2022-05-07
998,203-106-6490,2270 Highland Ave,Los Angeles,USA,18,2020-08-29
999,889-211-5988,4421 2nd Ave,Chicago,Canada,52,2021-10-05
1000,362-757-1514,9965 2nd Ave,Phoenix,France,22,2022-04-13
1001,213-427-5277,4227 2nd Ave,Chicago,Germany,30,2020-01-05
1002,810-899-4789,8312 Main St,Houston,France,59,2021-12-13
1003,151-845-9539,4857 2nd Ave,Los Angeles,France,65,2019-02-17
1004,358-706-8732,3974 Park Ln,Chicago,UK,40,2019-02-01
1005,530-209-8426,9792 Park Ln,Chicago,France,20,2023-11-11
1006,203-488-1722,2538 Highland Ave,Houston,France,63,2019-11-07
1007,439-393-4718,2733 Highland Ave,Chicago,Canada,40,2021-06-01
1008,795-310-3262,3201 Main St,Chicago,UK,65,2021-02-22
1009,320-676-5791,4387 2nd Ave,Chicago,USA,34,2023-05-29
1010,763-687-1590,9241 Main St,Houston,Canada,47,2020-02-09
1011,678-424-6064,1053 Main St,Phoenix,Germany,56,2021-08-23
1012,248-545-3842,9422 2nd Ave,Los Angeles,Germany,31,2023-01-29
1013,267-847-4720,1618 Main St,Houston,Canada,35,2019-06-23
1014,818-262-7639,4993 Highland Ave,Phoenix,Canada,60,2023-10-27
1015,696-657-5205,5310 Maple Dr,New York,USA,79,2023-08-24
1016,592-193-3838,1332 Maple Dr,Chicago,Germany,25,2020-07-22
1017,856-373-2224,452 2nd Ave,Houston,France,73,2023-02-10
1018,891-228-5118,3364 2nd Ave,New York,USA,19,2021-02-23
1019,419-220-7159,1721 Maple Dr,New York,USA,74,2021-02-09
1020,284-244-7123,3349 2nd Ave,Chicago,France,20,2023-06-17
1021,703-214-3925,710 Park Ln,Phoenix,UK,70,2019-06-12
1022,910-578-9509,1975 Highland Ave,Phoenix,USA,61,2021-12-08
1023,536-216-8260,4813 Maple Dr,Phoenix,Canada,50,2023-04-29
1024,162-983-5365,3219 2nd Ave,Chicago,UK,21,2023-04-30
1025,932-713-8653,3874 Maple Dr,Phoenix,USA,57,2022-01-17
1026,888-344-1417,6091 Main St,Los Angeles,France,70,2021-08-12
1027,991-706-5804,6290 Main St,Phoenix,USA,46,2020-04-08
1028,118-498-2005,4213 Main St,Phoenix,UK,38,2023-01-11
1029,489-685-2211,9532 2nd Ave,New York,France,75,2022-07-29
1030,167-406-5971,3383 Maple Dr,Los Angeles,Germany,76,2021-09-04
1031,988-370-6050,5137 Highland Ave,Los Angeles,USA,67,2020-03-16
1032,479-124-9378,956 2nd Ave,Los Angeles,Germany,35,2023-01-08
1033,696-496-6652,4400 Main St,Houston,USA,18,2021-04-17
1034,685-551-9686,4283 Park Ln,Houston,USA,27,2020-09-05
1035,415-885-4590,6433 Main St,Los Angeles,Canada,43,2021-04-06
1036,901-342-2446,9939 Highland Ave,Los Angeles,USA,51,2021-08-31
1037,831-880-6664,2810 Park Ln,Houston,Germany,19,2019-03-11
1038,214-663-6359,8223 Park Ln,New York,France,23,2023-08-14
1039,228-232-6631,7290 2nd Ave,New York,USA,49,2020-07-06
1040,528-237-9901,3144 Maple Dr,Los Angeles,USA,44,2023-12-02
1041,108-262-9117,7953 Maple Dr,Chicago,Canada,58,2022-09-06
1042,417-657-4264,5046 2nd Ave,Chicago,UK,35,2019-08-09
1043,691-169-6010,7420 Maple Dr,Chicago,Germany,62,2019-03-07
1044,242-245-9286,212 Highland Ave,Houston,Canada,26,2023-04-25
1045,435-245-7170,152 Park Ln,Houston,France,49,2020-01-01
1046,158-858-6481,6014 2nd Ave,Houston,France,77,2022-02-19
1047,370-915-9081,2425 Maple Dr,Houston,USA,35,2023-08-31
1048,916-629-3215,9347 Park Ln,New York,Germany,54,2019-11-27
1049,351-324-5841,2749 Park Ln,Los Angeles,UK,52,2019-11-03
1050,567-706-1766,1021 Park Ln,Chicago,Canada,29,2022-12-27
1051,625-652-7539,8411 Highland Ave,Los Angeles,Germany,70,2023-10-03
1052,841-424-5796,3238 Park Ln,Houston,UK,28,2020-11-13
1053,405-901-7025,6470 Main St,Chicago,Germany,67,2019-02-11
1054,496-639-7787,9546 Park Ln,Chicago,UK,26,2021-04-13
1055,304-289-9916,5407 Park Ln,Los Angeles,Canada,56,2020-06-27
1056,665-987-7524,5224 Maple Dr,Los Angeles,USA,38,2022-05-26
1057,668-525-2484,6311 Main St,Los Angeles,USA,45,2020-09-11
1058,418-103-7103,8857 Main St,New York,UK,69,2020-04-05
1059,424-262-1569,6310 Highland Ave,New York,USA,64,2022-04-12
1060,849-827-1230,5795 Highland Ave,Los Angeles,Canada,66,2020-10-31
1061,305-111-1682,8596 Main St,Houston,Canada,28,2020-04-02
1062,596-418-6089,8571 Main St,New York,Canada,47,2020-12-23
1063,657-441-7445,4785 Maple Dr,Houston,Canada,47,2019-03-22
1064,433-386-7350,4834 Park Ln,New York,Canada,44,2023-03-02
1065,429-636-8190,7799 Maple Dr,New York,Germany,21,2021-10-01
1066,847-161-2025,4779 Highland Ave,Los Angeles,Germany,44,2020-06-25
1067,148-839-2234,3427 Park Ln,Chicago,France,41,2023-09-18
1068,794-292-4004,3271 Highland Ave,Phoenix,France,77,2022-09-13
1069,216-603-2985,6546 Main St,New York,Germany,30,2020-10-30
1070,414-734-3204,2285 Maple Dr,Houston,UK,25,2021-10-30
1071,609-772-3266,9105 2nd Ave,Chicago,Germany,54,2022-05-26
1072,167-432-6794,2608 Park Ln,Phoenix,France,59,2019-04-26
1073,303-859-2503,8637 Maple Dr,New York,USA,70,2023-09-12
1074,765-558-1297,9231 Park Ln,New York,France,66,2020-08-06
1075,808-718-3966,8519 Highland Ave,Phoenix,Canada,45,2021-04-27
1076,973-908-4763,4210 Park Ln,Chicago,UK,22,2020-07-12
1077,100-493-3653,8586 2nd Ave,Los Angeles,USA,59,2021-08-05
1078,187-826-9147,7348 Park Ln,Houston,Germany,75,2023-12-28
1079,280-718-9350,4679 2nd Ave,Houston,UK,75,2021-01-02
1080,969-426-3789,4809 Maple Dr,Houston,USA,55,2019-05-30
1081,833-757-7129,3622 Highland Ave,Los Angeles,Germany,32,2020-07-27
1082,383-645-6681,1656 2nd Ave,Phoenix,USA,33,2019-08-10
1083,841-706-4075,2007 2nd Ave,Houston,Canada,57,2019-06-19
1084,873-975-8680,4252 Maple Dr,New York,France,27,2022-12-02
1085,276-111-7317,413 Highland Ave,Chicago,Canada,18,2022-12-23
1086,519-560-2512,5096 2nd Ave,New York,France,69,2020-03-22
1087,837-615-1359,3417 Highland Ave,Los Angeles,Germany,66,2019-09-13
1088,575-949-2900,1401 Highland Ave,Phoenix,France,37,2019-07-06
1089,935-430-7444,4753 Highland Ave,Houston,UK,76,2020-03-15
1090,519-509-7038,5062 2nd Ave,Chicago,France,40,2019-01-21
1091,825-432-6775,689 Highland Ave,Phoenix,Germany,19,2022-04-06
1092,442-195-7999,7871 Highland Ave,New York,Canada,48,2019-06-30
1093,484-337-1797,4705 2nd Ave,Chicago,Canada,62,2022-06-27
1094,280-427-3429,6761 Highland Ave,Los Angeles,France,25,2019-07-15
1095,258-802-7822,9347 Park Ln,Los Angeles,UK,60,2021-02-04
1096,666-253-1390,5508 Maple Dr,Chicago,USA,52,2019-05-14
1097,511-827-5292,6122 2nd Ave,Los Angeles,Canada,49,2020-12-06
1098,397-369-9422,7200 Highland Ave,Los Angeles,Canada,20,2019-11-30
1099,878-264-8401,3400 Main St,Phoenix,USA,47,2019-10-05
1100,330-848-9285,6747 Main St,Los Angeles,USA,35,2023-09-15
1101,615-389-3856,1416 Main St,Phoenix,UK,50,2020-10-19
1102,405-759-6157,9754 Highland Ave,Chicago,Germany,75,2019-02-26
1103,681-598-3753,203 2nd Ave,Chicago,Canada,56,2023-06-12
1104,126-975-5355,5432 Highland Ave,Houston,Canada,76,2021-02-14
1105,283-546-2794,8867 2nd Ave,Chicago,UK,52,2021-10-22
1106,192-903-5035,7800 2nd Ave,Houston,France,60,2023-02-10
1107,456-710-4450,4740 2nd Ave,Houston,Canada,24,2020-06-06
1108,534-437-7315,7083 Park Ln,Phoenix,UK,27,2022-08-24
1109,408-104-5291,9141 2nd Ave,Phoenix,France,67,2020-02-04
1110,366-651-5265,5650 Maple Dr,Phoenix,UK,22,2019-12-06
1111,565-691-9715,747 2nd Ave,New York,Canada,40,2023-06-02
1112,654-348-8968,7908 Main St,Houston,USA,46,2022-05-01
1113,814-909-9039,2092 Maple Dr,New York,UK,53,2019-11-18
1114,408-266-2573,5320 Highland Ave,Houston,UK,29,2020-10-19
1115,896-732-3604,2712 Park Ln,New York,Canada,50,2021-05-08
1116,492-900-7935,5541 Main St,Phoenix,Canada,78,2022-06-10
1117,412-294-9442,9045 Maple Dr,New York,Canada,62,2019-10-26
1118,875-371-9871,4704 Maple Dr,Los Angeles,France,70,2019-03-02
1119,842-703-1848,1371 Highland Ave,Phoenix,Canada,49,2019-11-18
1120,520-316-7491,3199 Highland Ave,Phoenix,Canada,73,2023-01-08
1121,340-656-8286,918 Park Ln,Chicago,USA,41,2023-03-18
1122,691-560-6144,5639 Main St,New York,France,40,2021-01-19
1123,577-561-8649,9084 Park Ln,Chicago,Canada,49,2019-12-11
1124,422-124-4914,3297 Maple Dr,Chicago,USA,32,2021-10-02
1125,880-251-8636,5132 Highland Ave,New York,USA,48,2022-07-27
1126,398-104-4910,1773 Park Ln,New York,USA,45,2022-11-29
1127,687-279-9437,4163 Park Ln,Phoenix,Germany,61,2020-11-16
1128,425-904-7809,6995 Highland Ave,Phoenix,UK,79,2022-10-24
1129,817-294-9855,1342 2nd Ave,Los Angeles,UK,54,2022-04-16
1130,867-715-1857,543 Highland Ave,New York,UK,22,2022-03-14
1131,214-724-2033,7562 Park Ln,Houston,UK,38,2019-05-05
1132,518-637-7131,1852 Highland Ave,Los Angeles,Canada,28,2019-09-06
1133,337-971-7320,4889 Highland Ave,Houston,France,44,2019-08-20
1134,650-423-5161,8703 2nd Ave,New York,Germany,74,2020-09-06
1135,651-379-6506,8321 Maple Dr,Chicago,Germany,44,2019-04-27
1136,471-498-4312,2787 Maple Dr,Chicago,France,57,2023-02-13
1137,744-905-4467,5429 Park Ln,Los Angeles,Germany,27,2021-02-24
1138,555-622-6827,4962 Highland Ave,New York,USA,20,2020-06-09
1139,287-767-3054,4941 2nd Ave,Phoenix,Canada,24,2021-12-15
1140,243-830-5305,7825 Main St,Los Angeles,USA,79,2019-02-07
1141,224-703-7946,2364 Main St,New York,Germany,45,2022-01-13
1142,649-381-1197,4698 Highland Ave,New York,France,66,2021-05-22
1143,992-994-3128,2042 Park Ln,Chicago,France,56,2019-06-22
1144,597-873-2312,1879 Main St,Houston,USA,25,2021-12-18
1145,153-618-7990,1594 Maple Dr,Phoenix,France,72,2020-04-15
1146,448-482-4484,4260 Maple Dr,Houston,France,23,2020-01-25
1147,756-787-1889,6471 2nd Ave,Los Angeles,USA,21,2022-12-26
1148,779-801-8261,3044 Maple Dr,Chicago,Germany,79,2023-09-05
1149,851-110-4882,8212 2nd Ave,Phoenix,Germany,18,2022-12-24
1150,876-510-1262,6540 Main St,Phoenix,USA,56,2019-10-02
1151,193-949-2551,3984 Park Ln,Chicago,USA,25,2021-09-12
1152,870-582-3877,9302 Main St,New York,Canada,31,2020-06-10
1153,543-231-6753,1301 Park Ln,Chicago,Canada,20,2019-08-06
1154,516-377-7513,4752 Highland Ave,New York,Canada,73,2022-01-17
1155,449-170-6051,2924 2nd Ave,Los Angeles,USA,79,2023-08-11
1156,789-789-4219,5021 2nd Ave,Houston,Canada,68,2021-06-07
1157,534-341-7376,2481 Main St,Chicago,Germany,54,2020-06-09
1158,795-408-1151,4043 Park Ln,Phoenix,USA,18,2020-08-17
1159,672-786-6159,394 Main St,Chicago,Canada,33,2022-03-04
1160,375-378-9561,5922 Highland Ave,Los Angeles,Germany,25,2022-11-03
1161,134-129-6122,6252 Park Ln,Los Angeles,France,54,2021-03-10
1162,259-257-9285,8919 Park Ln,Los Angeles,Canada,52,2019-05-16
1163,188-376-5003,7667 Main St,New York,France,44,2021-12-07
1164,558-405-1637,5834 Maple Dr,Los Angeles,France,59,2021-02-28
1165,135-856-6477,9980 Main St,Los Angeles,Canada,58,2021-04-17
1166,145-703-2260,459 Main St,Phoenix,USA,40,2021-09-01
1167,935-629-1252,8011 2nd Ave,Chicago,USA,42,2023-09-14
1168,567-529-2502,563 Maple Dr,New York,USA,48,2023-10-07
1169,616-675-5365,9598 Park Ln,Phoenix,UK,39,2023-01-26
1170,460-126-5844,337 2nd Ave,Houston,UK,31,2021-11-17
1171,841-532-7356,9420 2nd Ave,Chicago,Canada,36,2020-07-18
1172,343-196-3463,5403 Highland Ave,Chicago,Canada,18,2019-08-11
1173,776-924-3271,9768 Highland Ave,Chicago,USA,37,2023-12-10
1174,852-485-7682,4471 2nd Ave,Houston,France,55,2019-02-21
1175,244-578-5543,2890 Park Ln,Phoenix,France,54,2023-11-19
1176,978-485-7008,9627 Park Ln,Houston,Canada,22,2023-03-05
1177,512-376-8593,8760 Maple Dr,Los Angeles,USA,73,2019-09-05
1178,639-545-3737,1479 Maple Dr,New York,Canada,57,2021-10-15
1179,225-619-7765,9157 Highland Ave,Phoenix,Germany,34,2023-10-31
1180,912-511-9800,1229 Maple Dr,Phoenix,Canada,28,2021-01-19
1181,300-778-8909,9226 Park Ln,Chicago,France,23,2021-05-03
1182,839-872-9349,5716 2nd Ave,New York,France,31,2021-12-21
1183,640-839-7199,4074 Park Ln,New York,Canada,25,2019-12-03
1184,461-422-2154,8834 Maple Dr,Chicago,USA,44,2021-12-29
1185,896-137-3573,2823 Park Ln,Chicago,France,78,2019-01-20
1186,542-311-4097,5507 Maple Dr,Phoenix,Germany,33,2019-11-30
1187,792-620-4460,1249 Maple Dr,Los Angeles,Canada,24,2023-03-07
1188,581-327-6002,6539 Park Ln,Phoenix,UK,33,2021-09-20
1189,692-131-4047,6009 Highland Ave,Phoenix,Germany,47,2023-08-08
1190,924-700-4169,5863 Main St,Chicago,Germany,45,2020-03-11
1191,780-923-9237,653 Main St,Houston,UK,73,2020-08-07
1192,104-947-5262,8951 Maple Dr,Houston,France,18,2019-06-02
1193,388-693-4964,5578 Highland Ave,Chicago,France,35,2021-09-27
1194,165-448-8513,498 Highland Ave,Houston,USA,55,2022-10-20
1195,133-498-6058,4534 2nd Ave,Los Angeles,Canada,28,2020-02-09
1196,847-247-4803,8498 Highland Ave,Los Angeles,UK,54,2020-10-01
1197,269-655-7867,8310 2nd Ave,Los Angeles,UK,49,2022-03-05
1198,144-173-2680,2481 Park Ln,Houston,UK,75,2019-07-15
1199,193-744-3583,6896 Maple Dr,Houston,UK,23,2020-01-04
1200,615-387-1049,3941 Highland Ave,Los Angeles,Canada,31,2019-03-17
1201,960-795-6631,1990 Main St,Houston,France,59,2021-09-15
1202,337-971-8932,1350 Main St,Los Angeles,France,53,2020-05-18
1203,740-917-2158,5072 Main St,Los Angeles,UK,59,2019-04-22
1204,158-492-5398,4273 Maple Dr,Chicago,Canada,51,2021-06-29
1205,663-976-4883,6400 Main St,Houston,Germany,69,2023-12-21
1206,905-149-1037,4028 Park Ln,Chicago,Germany,36,2020-04-05
1207,953-950-9589,7093 Maple Dr,New York,Canada,24,2021-05-31
1208,642-889-5962,2144 2nd Ave,Chicago,Canada,58,2023-11-09
1209,527-513-4650,7733 Main St,New York,Canada,36,2021-10-05
1210,435-457-3657,9472 Main St,New York,Canada,65,2019-12-15
1211,382-657-8618,2560 Maple Dr,New York,France,35,2021-04-07
1212,785-913-1638,5432 Maple Dr,New York,UK,63,2021-07-10
1213,782-148-8729,6178 2nd Ave,New York,Canada,53,2023-11-10
1214,641-688-4116,365 2nd Ave,Houston,Germany,37,2020-07-10
1215,357-936-3067,284 2nd Ave,Houston,UK,36,2022-12-17
1216,897-482-2574,743 Main St,Los Angeles,USA,30,2022-12-18
1217,711-751-6245,4737 Highland Ave,Phoenix,France,23,2023-09-23
1218,974-397-8258,8081 Maple Dr,New York,UK,52,2019-12-17
1219,179-335-8956,4448 Highland Ave,Los Angeles,Germany,21,2022-06-08
1220,529-582-2667,7593 Park Ln,Houston,Canada,21,2019-08-20
1221,624-605-5573,6296 2nd Ave,Los Angeles,Canada,62,2022-03-03
1222,849-646-7077,6544 2nd Ave,Chicago,Germany,45,2019-07-04
1223,689-168-8795,3478 Park Ln,Houston,UK,31,2022-02-09
1224,849-225-2139,2736 Maple Dr,Phoenix,USA,43,2022-05-18
1225,640-175-1678,1747 Park Ln,Phoenix,Germany,45,2021-01-01
1226,123-906-4264,6716 Maple Dr,Phoenix,Germany,68,2022-12-28
1227,806-176-4985,6099 2nd Ave,Phoenix,USA,71,2019-11-16
1228,435-872-7110,5841 2nd Ave,Los Angeles,France,57,2021-04-14
1229,774-647-4958,7381 Maple Dr,New York,France,37,2023-03-04
1230,669-734-5157,6579 Highland Ave,Houston,UK,18,2019-05-21
1231,359-167-6675,5222 Highland Ave,Houston,France,34,2020-05-24
1232,509-256-4211,4751 Park Ln,Chicago,Germany,37,2023-02-10
1233,354-123-5138,3595 Park Ln,Phoenix,UK,28,2023-08-18
1234,902-873-1564,3110 Maple Dr,Los Angeles,Canada,34,2023-03-17
1235,161-395-5733,4854 2nd Ave,Phoenix,Canada,35,2023-01-03
1236,314-150-3148,4086 Highland Ave,Houston,Canada,35,2021-01-10
1237,808-733-7689,1777 2nd Ave,Houston,USA,55,2023-01-28
1238,139-957-6111,5971 Maple Dr,New York,USA,36,2019-07-13
1239,905-562-4574,6760 Main St,New York,Germany,34,2019-08-09
1240,921-201-9440,6684 Main St,Phoenix,France,20,2022-05-04
1241,739-303-3943,1890 Park Ln,Chicago,Canada,53,2019-11-03
1242,570-451-8438,7375 Maple Dr,Houston,Germany,42,2020-05-07
1243,987-993-5302,3193 Main St,New York,France,70,2021-11-21
1244,188-467-2774,3269 2nd Ave,Chicago,France,22,2022-11-27
1245,130-764-5890,3844 Maple Dr,Houston,Canada,62,2022-05-31
1246,310-478-3800,7589 Main St,New York,USA,24,2020-12-18
1247,294-851-1911,5410 Park Ln,Chicago,USA,78,2021-12-23
1248,217-488-8093,1866 Main St,Phoenix,UK,49,2019-09-20
1249,874-369-5229,6058 Park Ln,Chicago,Canada,19,2020-04-10
1250,422-674-5220,353 Main St,Phoenix,Germany,52,2020-03-29
1251,349-692-5915,7174 2nd Ave,Houston,USA,20,2021-12-13
1252,208-598-8888,9780 2nd Ave,Chicago,Canada,28,2022-12-19
1253,675-415-7023,5703 2nd Ave,Phoenix,Germany,74,2022-09-14
1254,673-268-9955,1328 Maple Dr,Chicago,Canada,54,2022-08-29
1255,383-113-3808,4593 Maple Dr,New York,France,28,2022-01-04
1256,111-259-5883,5655 Park Ln,Chicago,Canada,64,2022-08-09
1257,755-976-4901,4204 Highland Ave,Houston,Canada,28,2021-11-03
1258,892-195-6261,9727 Main St,Houston,UK,22,2023-07-22
1259,184-144-2534,3062 Main St,Houston,Germany,51,2022-05-31
1260,769-378-7660,7968 Park Ln,New York,UK,38,2022-10-24
1261,113-310-8770,4571 Park Ln,Phoenix,Canada,77,2019-10-12
1262,587-711-3550,8407 Main St,Phoenix,Canada,23,2020-01-06
1263,174-986-9481,3325 2nd Ave,Chicago,USA,23,2019-12-09
1264,516-774-2626,7188 Maple Dr,New York,UK,36,2020-08-04
1265,536-711-5659,9317 Highland Ave,New York,USA,75,2021-07-21
1266,165-117-4706,1522 2nd Ave,Houston,USA,38,2023-03-28
1267,415-336-5436,314 Highland Ave,New York,USA,24,2022-08-22
1268,715-700-7575,9338 Highland Ave,Los Angeles,Germany,61,2020-02-23
1269,523-606-6609,8331 Main St,Los Angeles,France,72,2022-10-26
1270,967-938-4194,4586 Park Ln,Los Angeles,Canada,18,2023-01-27
1271,291-254-3393,4594 Maple Dr,Phoenix,France,59,2021-06-04
1272,647-432-2801,9479 Maple Dr,Houston,France,76,2021-02-24
1273,645-879-5239,4106 Maple Dr,Chicago,USA,69,2020-12-16
1274,185-474-8293,7039 Park Ln,New York,France,68,2023-06-09
1275,841-394-1438,4561 Highland Ave,Chicago,USA,31,2019-10-14
1276,559-329-1967,4017 2nd Ave,Chicago,USA,38,2020-03-18
1277,954-739-1275,4282 Main St,Phoenix,France,57,2020-06-07
1278,773-558-7243,7733 Park Ln,Chicago,Canada,30,2019-01-13
1279,306-635-7492,7607 Park Ln,Phoenix,UK,39,2021-07-15
1280,986-868-6595,3895 Main St,Los Angeles,USA,74,2021-10-11
1281,452-781-8707,9420 Highland Ave,New York,Germany,50,2019-07-17
1282,201-304-3169,6538 Main St,Chicago,France,29,2022-05-04
1283,342-981-9486,2264 Maple Dr,Houston,France,37,2023-07-04
1284,246-578-5808,8889 Highland Ave,Phoenix,Canada,46,2023-10-10
1285,728-343-4647,9224 Main St,Los Angeles,Germany,19,2023-10-11
1286,630-921-3617,1878 Highland Ave,Houston,UK,22,2023-04-26
1287,847-890-3418,1556 Maple Dr,Phoenix,USA,53,2022-10-16
1288,834-420-5776,9789 2nd Ave,Houston,France,79,2019-03-14
1289,433-132-8687,9390 Park Ln,Los Angeles,Canada,18,2022-01-08
1290,911-155-9251,6039 Main St,Phoenix,Germany,67,2020-07-09
1291,574-177-4481,610 Highland Ave,Houston,Germany,42,2020-10-12
1292,162-201-8199,5926 2nd Ave,New York,France,67,2023-03-09
1293,410-888-9901,643 Highland Ave,Houston,France,24,2023-07-31
1294,294-674-4253,8651 Main St,Phoenix,Canada,29,2020-12-13
1295,881-883-4860,417 Park Ln,Phoenix,France,34,2022-11-27
1296,801-217-4970,6667 Highland Ave,Los Angeles,Canada,38,2022-04-09
1297,205-120-2607,1858 Maple Dr,Chicago,France,32,2023-04-05
1298,801-938-4048,1576 2nd Ave,New York,UK,37,2019-03-10
1299,419-113-8735,1510 Highland Ave,Chicago,Germany,61,2022-01-22
